"id","content","viewer","creater","category","campaign","enonymously"
"642045a9fefce9a9f5494461","Great activies","[]",,,,false
"63f9849d3ecda4849ec22d19","some student smoke ","[""6402d67927eaf5f9ce4dc1db"",""642d977c4a4711370998a520""]",,,,false
"63fd6fade01ed972166059ee","some student have bad behaviour","[]",,,,false
"641d3eb6059708ec4acd1a88","some student smokerr","[""63f4f2e537a4e28a4177a177"",""63f4f975520705aa7b5dd92c""]",,,,false
"642041f25328538f6a039e73","Interupt in class","[]",,,,false
"64208a135d9d5c14a3deb3ee","Great activies outside","[]",,,,false
"64271dcce61222f280caec31","Great attitude","[]",,,,false
"642722b529836e1d44298568","Great attitudeeeeeeeee","[]",,,,false
"642722f42f876b9d674f0e56","Great attitudee","[]",,,,false
"6427235ae3d6a92a44dbe1de","Great attitudeee","[]",,,,false
"642876d13983290a6b23c518","Enterprise Web","[]",,,,false
"6428773f3983290a6b23c544","test ideas","[]",,,,false
"642b97d4414f9c5a562b81de","demo idea","[]",,,,false
"642b98897364e8249ca3aa75","demo test 1","[]",,,,false
"642b98efd4abb666732c4cc5","demo test 2","[]",,,,false
"642b9959d4abb666732c4ce1","demo idea 2","[]",,,,false
"642b9984d4abb666732c4cf5","demo idea 3","[]",,,,false
"642b99eed4abb666732c4d00","idea demo 3","[]",,,,false
"642b9a6ad1ab53139f42e8fc","Great attitudeeee","[]",,,,false
"642b9aa0d1ab53139f42e901","Great attitudeeee111","[]",,,,false
"642b9add19abf2f5110dc9ff","Great attitudeeee1112","[]",,,,false
"642b9bc9d4abb666732c4d22","idea ji day","[]",,,,false
"642d8f520d563269d7fd590c","idea 4-6 night","[]",,,,false
"642d98584a4711370998a54e","idea 4-6 night 10h48p","[]",,,,false
"642d98894a4711370998a561","idea 4-6 night 10h49p","[]",,,,false
"642d9929afe53d76b2b53634","idea 4-6 10h51p PM ","[]",,,,false
"642d9a3aafe53d76b2b53654","idea 4-6 10h55p PM have file","[]",,,,false
"6430455604e2730e762b5c58","Cuu toi troi oi cuu toi","[]",,,,false
"64323671b4c21032a6a0aefe","Great attitudeeee11123","[]",,,,false